{
  "basics": {
    "name": "",
    "label": "",
    "picture": "",
    "email": "",
    "phone": "",
    "degree": "",
    "website": "",
    "summary": "",
    "location": {
      "address": "",
      "postalCode": "",
      "city": "",
      "countryCode": "",
      "region": ""
    },
    "profiles": [{
      "network": "",
      "username": "",
      "url": ""
    }]
  },

  "work": [{
    "company": "",
    "position": "",
    "website": "",
    "startDate": "",
    "endDate": "",
    "summary": "",
    "highlights": [
      ""
    ]
  }],

  "awards": [{
    "title": "",
    "date": "",
    "awarder": "",
    "summary": ""
  }],

  "education": [{
    "institution": "",
    "area": "",
    "studyType": "",
    "startDate": "",
    "endDate": "",
    "gpa": "",
    "courses": [ "" ]
  }],

  "publications": [{
    "name": "",
    "publisher": "",
    "releaseDate": "",
    "website": "",
    "summary": ""
  }],

  "volunteer": [{
    "organization": "",
    "position": "",
    "website": "",
    "startDate": "",
    "endDate": "",
    "summary": "",
    "highlights": [ "" ]
  }],

  "skills": [{
      "name": "",
      "level": "",
      "keywords": [""]
  }]
}
