<project name="Datagenerator Launcher" default="datagenerator" basedir=".">

    <property name="base.dir" value="${basedir}/.."/>

    <property name="etc.dir" value="${base.dir}/etc"/>
    <property name="lib.dir" value="${base.dir}/lib"/>
    <property name="log.dir" value="${base.dir}/log"/>
    
    <jvmargset id="base.jvm.args">
      	<jvmarg line="-Xmx1024m"/>
	</jvmargset>

    <path id="base.class.path">
    	<!--<fileset dir="${lib.dir}" includes="*.jar"/>-->
        <pathelement location="${lib.dir}/ojdbc6.jar"/>
        <pathelement location="${lib.dir}/ucp.jar"/>
        <pathelement location="${lib.dir}/swingbench.jar"/>
    </path>

    <target name="datagenerator">
        <mkdir dir="${log.dir}" />
        <launch classname="com.dom.datagen.DataGenerator">
            <classpath refid="base.class.path"/>
            <syspropertyset>
                <sysproperty key="log.dir" file="${log.dir}"/>
            </syspropertyset>
            <jvmargset refid="base.jvm.args"/>
        </launch>
    </target>
</project>
