<?xml version="1.0"?>
<doc>
    <assembly>
        <name>Peach.Core.OS.Windows</name>
    </assembly>
    <members>
        <member name="T:Peach.Core.Agent.Monitors.WindowsDebug.DebuggerInstance">
            <summary>
            DebuggerInstance will start up a debugger engine
            in a seprate thread and interface to it.
            </summary>
            <remarks>
            This instance interface can also be remoted. If
            needed.
            </remarks>
        </member>
        <member name="M:Peach.Core.Agent.Monitors.WindowsDebuggerHybrid.Finalize">
            <summary>
            Make sure we clean up debuggers
            </summary>
        </member>
        <member name="M:Peach.Core.Agent.Monitors.WindowsDebuggerHybrid._StartDebuggerHybrid">
            <summary>
            The hybrid mode uses both WinDbg and System Debugger
            </summary>
            <remarks>
            When _hybrid == true &amp;&amp; _replay == false we will use the
            System Debugger.
            
            When we hit a fault in _hybrid mode we will replay with windbg.
            
            When _hybrid == false we will just use windbg.
            </remarks>
        </member>
        <member name="M:Peach.Core.Agent.Monitors.WindowsDebuggerHybrid._StartDebuggerHybridReplay">
            <summary>
            Hybrid replay mode uses windbg
            </summary>
        </member>
        <member name="M:Peach.Core.Agent.Monitors.WindowsDebuggerHybrid._StartDebuggerNonHybrid">
            <summary>
            Origional non-hybrid windbg only mode
            </summary>
        </member>
        <member name="M:Peach.Core.Debuggers.DebugEngine.WindowsDebugEngine.LoadLibraryEx(System.String,System.IntPtr,System.UInt32)">
            <summary>
            To load the dll - dllFilePath dosen't have to be const - so I can read path from registry
            </summary>
            <param name="dllFilePath">file path with file name</param>
            <param name="hFile">use IntPtr.Zero</param>
            <param name="dwFlags">What will happend during loading dll
            <para>LOAD_LIBRARY_AS_DATAFILE</para>
            <para>DONT_RESOLVE_DLL_REFERENCES</para>
            <para>LOAD_WITH_ALTERED_SEARCH_PATH</para>
            <para>LOAD_IGNORE_CODE_AUTHZ_LEVEL</para>
            </param>
            <returns>Pointer to loaded Dll</returns>
        </member>
        <member name="M:Peach.Core.Debuggers.DebugEngine.WindowsDebugEngine.FreeLibrary(System.IntPtr)">
            <summary>
            To unload library 
            </summary>
            <param name="dllPointer">Pointer to Dll witch was returned from LoadLibraryEx</param>
            <returns>If unloaded library was correct then true, else false</returns>
        </member>
        <member name="M:Peach.Core.Debuggers.DebugEngine.WindowsDebugEngine.GetProcAddress(System.IntPtr,System.String)">
            <summary>
            To get function pointer from loaded dll 
            </summary>
            <param name="dllPointer">Pointer to Dll witch was returned from LoadLibraryEx</param>
            <param name="functionName">Function name with you want to call</param>
            <returns>Pointer to function</returns>
        </member>
        <member name="M:Peach.Core.Debuggers.DebugEngine.WindowsDebugEngine.LoadWin32Library(System.String)">
            <summary>
            This will to load concret dll file
            </summary>
            <param name="dllFilePath">Dll file path</param>
            <returns>Pointer to loaded dll</returns>
            <exception cref="T:System.ApplicationException">
            when loading dll will failure
            </exception>
        </member>
        <member name="T:Peach.Core.Debuggers.WindowsSystem.HandleAccessViolation">
            <summary>
            Callback to handle an A/V exception
            </summary>
            <param name="e"></param>
        </member>
        <member name="T:Peach.Core.Debuggers.WindowsSystem.HandleBreakpoint">
            <summary>
            Callback to handle a breakpoint
            </summary>
            <param name="e"></param>
        </member>
        <member name="T:Peach.Core.Debuggers.WindowsSystem.HandleLoadDll">
            <summary>
            Callback to handle a breakpoint
            </summary>
            <param name="e"></param>
            <param name="moduleName"></param>
        </member>
        <member name="T:Peach.Core.Debuggers.WindowsSystem.ContinueDebugging">
            <summary>
            Called every second to check if we should continue debugging
            process.
            </summary>
            <returns></returns>
        </member>
        <member name="T:Peach.Core.Debuggers.WindowsSystem.SystemDebugger">
            <summary>
            A lightweight Windows debugger written using the 
            system debugger APIs.
            </summary>
            <remarks>
            This debugger does not support symbols or other usefull 
            things.  When a crash is located using the system debugger
            it should be reproduced using the Windows Debug Engine to
            gather more information.
            </remarks>
        </member>
        <member name="T:Peach.Core.Debuggers.WindowsSystem.UnsafeMethods">
            <summary>
            Contains definitions for marshaled method calls and related
            types.
            </summary>
        </member>
        <member name="F:Peach.Core.Debuggers.WindowsSystem.UnsafeMethods.ProcessAccess.AllAccess">
            <summary>Specifies all possible access flags for the process object.</summary>
        </member>
        <member name="F:Peach.Core.Debuggers.WindowsSystem.UnsafeMethods.ProcessAccess.CreateThread">
            <summary>Enables usage of the process handle in the CreateRemoteThread function to create a thread in the process.</summary>
        </member>
        <member name="F:Peach.Core.Debuggers.WindowsSystem.UnsafeMethods.ProcessAccess.DuplicateHandle">
            <summary>Enables usage of the process handle as either the source or target process in the DuplicateHandle function to duplicate a handle.</summary>
        </member>
        <member name="F:Peach.Core.Debuggers.WindowsSystem.UnsafeMethods.ProcessAccess.QueryInformation">
            <summary>Enables usage of the process handle in the GetExitCodeProcess and GetPriorityClass functions to read information from the process object.</summary>
        </member>
        <member name="F:Peach.Core.Debuggers.WindowsSystem.UnsafeMethods.ProcessAccess.SetInformation">
            <summary>Enables usage of the process handle in the SetPriorityClass function to set the priority class of the process.</summary>
        </member>
        <member name="F:Peach.Core.Debuggers.WindowsSystem.UnsafeMethods.ProcessAccess.Terminate">
            <summary>Enables usage of the process handle in the TerminateProcess function to terminate the process.</summary>
        </member>
        <member name="F:Peach.Core.Debuggers.WindowsSystem.UnsafeMethods.ProcessAccess.VMOperation">
            <summary>Enables usage of the process handle in the VirtualProtectEx and WriteProcessMemory functions to modify the virtual memory of the process.</summary>
        </member>
        <member name="F:Peach.Core.Debuggers.WindowsSystem.UnsafeMethods.ProcessAccess.VMRead">
            <summary>Enables usage of the process handle in the ReadProcessMemory function to' read from the virtual memory of the process.</summary>
        </member>
        <member name="F:Peach.Core.Debuggers.WindowsSystem.UnsafeMethods.ProcessAccess.VMWrite">
            <summary>Enables usage of the process handle in the WriteProcessMemory function to write to the virtual memory of the process.</summary>
        </member>
        <member name="F:Peach.Core.Debuggers.WindowsSystem.UnsafeMethods.ProcessAccess.Synchronize">
            <summary>Enables usage of the process handle in any of the wait functions to wait for the process to terminate.</summary>
        </member>
        <member name="M:Peach.Core.Publishers.Com.IComContainer.Intialize(System.String)">
            <summary>
            Initialize COM control
            </summary>
            <param name="control">Control name or CLSID</param>
        </member>
        <member name="M:Peach.Core.Publishers.Com.IComContainer.Shutdown">
            <summary>
            Shutdown ComCOntainer process.
            </summary>
        </member>
        <member name="M:Peach.Core.Publishers.Com.IComContainer.CallMethod(System.String,System.Object[])">
            <summary>
            Call method on COM control
            </summary>
            <param name="method">Name of method</param>
            <param name="args">Arguments to pass</param>
            <returns>Returns result if any</returns>
        </member>
        <member name="M:Peach.Core.Publishers.Com.IComContainer.GetProperty(System.String)">
            <summary>
            Get Property value
            </summary>
            <param name="property">Name of property</param>
            <returns>Returns property value or null.</returns>
        </member>
        <member name="M:Peach.Core.Publishers.Com.IComContainer.SetProperty(System.String,System.Object)">
            <summary>
            Set property value
            </summary>
            <param name="property">Name of property</param>
            <param name="value">Value to set</param>
        </member>
        <member name="T:Peach.Core.UI.Windows.HwndObject">
            <summary>
            Allows the searching, navigation, and manipulation of Hwnd objects.
            </summary>
        </member>
        <member name="M:Peach.Core.UI.Windows.HwndObject.GetWindows">
            <summary>
            Retrieves all top-level Hwnd Objects.
            </summary>
            <returns></returns>
        </member>
        <member name="M:Peach.Core.UI.Windows.HwndObject.GetWindowByTitle(System.String)">
            <summary>
            Gets the first top-level HwndObject with the given title.
            </summary>
            <param name="title"></param>
            <returns></returns>
        </member>
        <member name="M:Peach.Core.UI.Windows.HwndObject.#ctor(System.IntPtr)">
            <summary>
            Initialized a new HwndObject.
            </summary>
            <param name="hwnd"></param>
        </member>
        <member name="M:Peach.Core.UI.Windows.HwndObject.SendMessage(Peach.Core.UI.Windows.WM,System.UInt32,System.String)">
            <summary>
            Sends a message to this Hwnd Object
            </summary>
            <param name="msg"></param>
            <param name="param1"></param>
            <param name="param2"></param>
        </member>
        <member name="M:Peach.Core.UI.Windows.HwndObject.SendMessage(Peach.Core.UI.Windows.WM,System.UInt32,System.UInt32)">
            <summary>
            Sends a message to this Hwnd Object
            </summary>
            <param name="msg"></param>
            <param name="param1"></param>
            <param name="param2"></param>
        </member>
        <member name="M:Peach.Core.UI.Windows.HwndObject.GetMessageString(Peach.Core.UI.Windows.WM,System.UInt32)">
            <summary>
            Returns a string result from a message.
            </summary>
            <param name="msg"></param>
            <param name="param"></param>
            <returns></returns>
        </member>
        <member name="M:Peach.Core.UI.Windows.HwndObject.GetMessageInt(Peach.Core.UI.Windows.WM)">
            <summary>
            Returns an integer result from a message.
            </summary>
            <param name="msg"></param>
            <returns></returns>
        </member>
        <member name="M:Peach.Core.UI.Windows.HwndObject.Click">
            <summary>
            Simulates a user-click on this object.
            </summary>
        </member>
        <member name="M:Peach.Core.UI.Windows.HwndObject.Close">
            <summary>
            Send a WM_CLOSE message to window
            </summary>
        </member>
        <member name="M:Peach.Core.UI.Windows.HwndObject.GetParent">
            <summary>
            Seeks a parent for this Hwnd Object (if any).
            </summary>
            <returns></returns>
        </member>
        <member name="M:Peach.Core.UI.Windows.HwndObject.GetChildren">
            <summary>
            Seeks all children of this Hwnd Object.
            </summary>
            <returns></returns>
        </member>
        <member name="M:Peach.Core.UI.Windows.HwndObject.GetChild(System.String,System.String)">
            <summary>
            Retrieves a child Hwnd Object by its class and title.
            </summary>
            <param name="cls"></param>
            <param name="title"></param>
            <returns></returns>
        </member>
        <member name="P:Peach.Core.UI.Windows.HwndObject.Hwnd">
            <summary>
            The windows handle to this object.
            </summary>
        </member>
        <member name="P:Peach.Core.UI.Windows.HwndObject.ClassName">
            <summary>
            The registered class name (if any) of this object.
            </summary>
        </member>
        <member name="P:Peach.Core.UI.Windows.HwndObject.Title">
            <summary>
            The title of this object - Setting this will only effect window title-bar text.
            </summary>
        </member>
        <member name="P:Peach.Core.UI.Windows.HwndObject.Text">
            <summary>
            The text of this item - setting this will only effect controls and only with appropriate access/privacy
            </summary>
        </member>
        <member name="P:Peach.Core.UI.Windows.HwndObject.Location">
            <summary>
            The location of this Hwnd Object.
            </summary>
        </member>
        <member name="P:Peach.Core.UI.Windows.HwndObject.Size">
            <summary>
            The size of this Hwnd Object.
            </summary>
        </member>
        <member name="F:Peach.Core.UI.Windows.WM.NULL">
            <summary>
            The WM_NULL message performs no operation. An application sends the WM_NULL message if it wants to post a message that the recipient window will ignore.
            </summary>
        </member>
        <member name="F:Peach.Core.UI.Windows.WM.CREATE">
            <summary>
            The WM_CREATE message is sent when an application requests that a window be created by calling the CreateWindowEx or CreateWindow function. (The message is sent before the function returns.) The window procedure of the new window receives this message after the window is created, but before the window becomes visible.
            </summary>
        </member>
        <member name="F:Peach.Core.UI.Windows.WM.DESTROY">
            <summary>
            The WM_DESTROY message is sent when a window is being destroyed. It is sent to the window procedure of the window being destroyed after the window is removed from the screen. 
            This message is sent first to the window being destroyed and then to the child windows (if any) as they are destroyed. During the processing of the message, it can be assumed that all child windows still exist.
            /// </summary>
        </member>
        <member name="F:Peach.Core.UI.Windows.WM.MOVE">
            <summary>
            The WM_MOVE message is sent after a window has been moved. 
            </summary>
        </member>
        <member name="F:Peach.Core.UI.Windows.WM.SIZE">
            <summary>
            The WM_SIZE message is sent to a window after its size has changed.
            </summary>
        </member>
        <member name="F:Peach.Core.UI.Windows.WM.ACTIVATE">
            <summary>
            The WM_ACTIVATE message is sent to both the window being activated and the window being deactivated. If the windows use the same input queue, the message is sent synchronously, first to the window procedure of the top-level window being deactivated, then to the window procedure of the top-level window being activated. If the windows use different input queues, the message is sent asynchronously, so the window is activated immediately. 
            </summary>
        </member>
        <member name="F:Peach.Core.UI.Windows.WM.SETFOCUS">
            <summary>
            The WM_SETFOCUS message is sent to a window after it has gained the keyboard focus. 
            </summary>
        </member>
        <member name="F:Peach.Core.UI.Windows.WM.KILLFOCUS">
            <summary>
            The WM_KILLFOCUS message is sent to a window immediately before it loses the keyboard focus. 
            </summary>
        </member>
        <member name="F:Peach.Core.UI.Windows.WM.ENABLE">
            <summary>
            The WM_ENABLE message is sent when an application changes the enabled state of a window. It is sent to the window whose enabled state is changing. This message is sent before the EnableWindow function returns, but after the enabled state (WS_DISABLED style bit) of the window has changed. 
            </summary>
        </member>
        <member name="F:Peach.Core.UI.Windows.WM.SETREDRAW">
            <summary>
            An application sends the WM_SETREDRAW message to a window to allow changes in that window to be redrawn or to prevent changes in that window from being redrawn. 
            </summary>
        </member>
        <member name="F:Peach.Core.UI.Windows.WM.SETTEXT">
            <summary>
            An application sends a WM_SETTEXT message to set the text of a window. 
            </summary>
        </member>
        <member name="F:Peach.Core.UI.Windows.WM.GETTEXT">
            <summary>
            An application sends a WM_GETTEXT message to copy the text that corresponds to a window into a buffer provided by the caller. 
            </summary>
        </member>
        <member name="F:Peach.Core.UI.Windows.WM.GETTEXTLENGTH">
            <summary>
            An application sends a WM_GETTEXTLENGTH message to determine the length, in characters, of the text associated with a window. 
            </summary>
        </member>
        <member name="F:Peach.Core.UI.Windows.WM.PAINT">
            <summary>
            The WM_PAINT message is sent when the system or another application makes a request to paint a portion of an application's window. The message is sent when the UpdateWindow or RedrawWindow function is called, or by the DispatchMessage function when the application obtains a WM_PAINT message by using the GetMessage or PeekMessage function. 
            </summary>
        </member>
        <member name="F:Peach.Core.UI.Windows.WM.CLOSE">
            <summary>
            The WM_CLOSE message is sent as a signal that a window or an application should terminate.
            </summary>
        </member>
        <member name="F:Peach.Core.UI.Windows.WM.QUERYENDSESSION">
            <summary>
            The WM_QUERYENDSESSION message is sent when the user chooses to end the session or when an application calls one of the system shutdown functions. If any application returns zero, the session is not ended. The system stops sending WM_QUERYENDSESSION messages as soon as one application returns zero.
            After processing this message, the system sends the WM_ENDSESSION message with the wParam parameter set to the results of the WM_QUERYENDSESSION message.
            </summary>
        </member>
        <member name="F:Peach.Core.UI.Windows.WM.QUERYOPEN">
            <summary>
            The WM_QUERYOPEN message is sent to an icon when the user requests that the window be restored to its previous size and position.
            </summary>
        </member>
        <member name="F:Peach.Core.UI.Windows.WM.ENDSESSION">
            <summary>
            The WM_ENDSESSION message is sent to an application after the system processes the results of the WM_QUERYENDSESSION message. The WM_ENDSESSION message informs the application whether the session is ending.
            </summary>
        </member>
        <member name="F:Peach.Core.UI.Windows.WM.QUIT">
            <summary>
            The WM_QUIT message indicates a request to terminate an application and is generated when the application calls the PostQuitMessage function. It causes the GetMessage function to return zero.
            </summary>
        </member>
        <member name="F:Peach.Core.UI.Windows.WM.ERASEBKGND">
            <summary>
            The WM_ERASEBKGND message is sent when the window background must be erased (for example, when a window is resized). The message is sent to prepare an invalidated portion of a window for painting. 
            </summary>
        </member>
        <member name="F:Peach.Core.UI.Windows.WM.SYSCOLORCHANGE">
            <summary>
            This message is sent to all top-level windows when a change is made to a system color setting. 
            </summary>
        </member>
        <member name="F:Peach.Core.UI.Windows.WM.SHOWWINDOW">
            <summary>
            The WM_SHOWWINDOW message is sent to a window when the window is about to be hidden or shown.
            </summary>
        </member>
        <member name="F:Peach.Core.UI.Windows.WM.WININICHANGE">
            <summary>
            An application sends the WM_WININICHANGE message to all top-level windows after making a change to the WIN.INI file. The SystemParametersInfo function sends this message after an application uses the function to change a setting in WIN.INI.
            Note  The WM_WININICHANGE message is provided only for compatibility with earlier versions of the system. Applications should use the WM_SETTINGCHANGE message.
            </summary>
        </member>
        <member name="F:Peach.Core.UI.Windows.WM.SETTINGCHANGE">
            <summary>
            An application sends the WM_WININICHANGE message to all top-level windows after making a change to the WIN.INI file. The SystemParametersInfo function sends this message after an application uses the function to change a setting in WIN.INI.
            Note  The WM_WININICHANGE message is provided only for compatibility with earlier versions of the system. Applications should use the WM_SETTINGCHANGE message.
            </summary>
        </member>
        <member name="F:Peach.Core.UI.Windows.WM.DEVMODECHANGE">
            <summary>
            The WM_DEVMODECHANGE message is sent to all top-level windows whenever the user changes device-mode settings. 
            </summary>
        </member>
        <member name="F:Peach.Core.UI.Windows.WM.ACTIVATEAPP">
            <summary>
            The WM_ACTIVATEAPP message is sent when a window belonging to a different application than the active window is about to be activated. The message is sent to the application whose window is being activated and to the application whose window is being deactivated.
            </summary>
        </member>
        <member name="F:Peach.Core.UI.Windows.WM.FONTCHANGE">
            <summary>
            An application sends the WM_FONTCHANGE message to all top-level windows in the system after changing the pool of font resources. 
            </summary>
        </member>
        <member name="F:Peach.Core.UI.Windows.WM.TIMECHANGE">
            <summary>
            A message that is sent whenever there is a change in the system time.
            </summary>
        </member>
        <member name="F:Peach.Core.UI.Windows.WM.CANCELMODE">
            <summary>
            The WM_CANCELMODE message is sent to cancel certain modes, such as mouse capture. For example, the system sends this message to the active window when a dialog box or message box is displayed. Certain functions also send this message explicitly to the specified window regardless of whether it is the active window. For example, the EnableWindow function sends this message when disabling the specified window.
            </summary>
        </member>
        <member name="F:Peach.Core.UI.Windows.WM.SETCURSOR">
            <summary>
            The WM_SETCURSOR message is sent to a window if the mouse causes the cursor to move within a window and mouse input is not captured. 
            </summary>
        </member>
        <member name="F:Peach.Core.UI.Windows.WM.MOUSEACTIVATE">
            <summary>
            The WM_MOUSEACTIVATE message is sent when the cursor is in an inactive window and the user presses a mouse button. The parent window receives this message only if the child window passes it to the DefWindowProc function.
            </summary>
        </member>
        <member name="F:Peach.Core.UI.Windows.WM.CHILDACTIVATE">
            <summary>
            The WM_CHILDACTIVATE message is sent to a child window when the user clicks the window's title bar or when the window is activated, moved, or sized.
            </summary>
        </member>
        <member name="F:Peach.Core.UI.Windows.WM.QUEUESYNC">
            <summary>
            The WM_QUEUESYNC message is sent by a computer-based training (CBT) application to separate user-input messages from other messages sent through the WH_JOURNALPLAYBACK Hook procedure. 
            </summary>
        </member>
        <member name="F:Peach.Core.UI.Windows.WM.GETMINMAXINFO">
            <summary>
            The WM_GETMINMAXINFO message is sent to a window when the size or position of the window is about to change. An application can use this message to override the window's default maximized size and position, or its default minimum or maximum tracking size. 
            </summary>
        </member>
        <member name="F:Peach.Core.UI.Windows.WM.PAINTICON">
            <summary>
            Windows NT 3.51 and earlier: The WM_PAINTICON message is sent to a minimized window when the icon is to be painted. This message is not sent by newer versions of Microsoft Windows, except in unusual circumstances explained in the Remarks.
            </summary>
        </member>
        <member name="F:Peach.Core.UI.Windows.WM.ICONERASEBKGND">
            <summary>
            Windows NT 3.51 and earlier: The WM_ICONERASEBKGND message is sent to a minimized window when the background of the icon must be filled before painting the icon. A window receives this message only if a class icon is defined for the window; otherwise, WM_ERASEBKGND is sent. This message is not sent by newer versions of Windows.
            </summary>
        </member>
        <member name="F:Peach.Core.UI.Windows.WM.NEXTDLGCTL">
            <summary>
            The WM_NEXTDLGCTL message is sent to a dialog box procedure to set the keyboard focus to a different control in the dialog box. 
            </summary>
        </member>
        <member name="F:Peach.Core.UI.Windows.WM.SPOOLERSTATUS">
            <summary>
            The WM_SPOOLERSTATUS message is sent from Print Manager whenever a job is added to or removed from the Print Manager queue. 
            </summary>
        </member>
        <member name="F:Peach.Core.UI.Windows.WM.DRAWITEM">
            <summary>
            The WM_DRAWITEM message is sent to the parent window of an owner-drawn button, combo box, list box, or menu when a visual aspect of the button, combo box, list box, or menu has changed.
            </summary>
        </member>
        <member name="F:Peach.Core.UI.Windows.WM.MEASUREITEM">
            <summary>
            The WM_MEASUREITEM message is sent to the owner window of a combo box, list box, list view control, or menu item when the control or menu is created.
            </summary>
        </member>
        <member name="F:Peach.Core.UI.Windows.WM.DELETEITEM">
            <summary>
            Sent to the owner of a list box or combo box when the list box or combo box is destroyed or when items are removed by the LB_DELETESTRING, LB_RESETCONTENT, CB_DELETESTRING, or CB_RESETCONTENT message. The system sends a WM_DELETEITEM message for each deleted item. The system sends the WM_DELETEITEM message for any deleted list box or combo box item with nonzero item data.
            </summary>
        </member>
        <member name="F:Peach.Core.UI.Windows.WM.VKEYTOITEM">
            <summary>
            Sent by a list box with the LBS_WANTKEYBOARDINPUT style to its owner in response to a WM_KEYDOWN message. 
            </summary>
        </member>
        <member name="F:Peach.Core.UI.Windows.WM.CHARTOITEM">
            <summary>
            Sent by a list box with the LBS_WANTKEYBOARDINPUT style to its owner in response to a WM_CHAR message. 
            </summary>
        </member>
        <member name="F:Peach.Core.UI.Windows.WM.SETFONT">
            <summary>
            An application sends a WM_SETFONT message to specify the font that a control is to use when drawing text. 
            </summary>
        </member>
        <member name="F:Peach.Core.UI.Windows.WM.GETFONT">
            <summary>
            An application sends a WM_GETFONT message to a control to retrieve the font with which the control is currently drawing its text. 
            </summary>
        </member>
        <member name="F:Peach.Core.UI.Windows.WM.SETHOTKEY">
            <summary>
            An application sends a WM_SETHOTKEY message to a window to associate a hot key with the window. When the user presses the hot key, the system activates the window. 
            </summary>
        </member>
        <member name="F:Peach.Core.UI.Windows.WM.GETHOTKEY">
            <summary>
            An application sends a WM_GETHOTKEY message to determine the hot key associated with a window. 
            </summary>
        </member>
        <member name="F:Peach.Core.UI.Windows.WM.QUERYDRAGICON">
            <summary>
            The WM_QUERYDRAGICON message is sent to a minimized (iconic) window. The window is about to be dragged by the user but does not have an icon defined for its class. An application can return a handle to an icon or cursor. The system displays this cursor or icon while the user drags the icon.
            </summary>
        </member>
        <member name="F:Peach.Core.UI.Windows.WM.COMPAREITEM">
            <summary>
            The system sends the WM_COMPAREITEM message to determine the relative position of a new item in the sorted list of an owner-drawn combo box or list box. Whenever the application adds a new item, the system sends this message to the owner of a combo box or list box created with the CBS_SORT or LBS_SORT style. 
            </summary>
        </member>
        <member name="F:Peach.Core.UI.Windows.WM.GETOBJECT">
            <summary>
            Active Accessibility sends the WM_GETOBJECT message to obtain information about an accessible object contained in a server application. 
            Applications never send this message directly. It is sent only by Active Accessibility in response to calls to AccessibleObjectFromPoint, AccessibleObjectFromEvent, or AccessibleObjectFromWindow. However, server applications handle this message. 
            </summary>
        </member>
        <member name="F:Peach.Core.UI.Windows.WM.COMPACTING">
            <summary>
            The WM_COMPACTING message is sent to all top-level windows when the system detects more than 12.5 percent of system time over a 30- to 60-second interval is being spent compacting memory. This indicates that system memory is low.
            </summary>
        </member>
        <member name="F:Peach.Core.UI.Windows.WM.COMMNOTIFY">
            <summary>
            WM_COMMNOTIFY is Obsolete for Win32-Based Applications
            </summary>
        </member>
        <member name="F:Peach.Core.UI.Windows.WM.WINDOWPOSCHANGING">
            <summary>
            The WM_WINDOWPOSCHANGING message is sent to a window whose size, position, or place in the Z order is about to change as a result of a call to the SetWindowPos function or another window-management function.
            </summary>
        </member>
        <member name="F:Peach.Core.UI.Windows.WM.WINDOWPOSCHANGED">
            <summary>
            The WM_WINDOWPOSCHANGED message is sent to a window whose size, position, or place in the Z order has changed as a result of a call to the SetWindowPos function or another window-management function.
            </summary>
        </member>
        <member name="F:Peach.Core.UI.Windows.WM.POWER">
            <summary>
            Notifies applications that the system, typically a battery-powered personal computer, is about to enter a suspended mode.
            Use: POWERBROADCAST
            </summary>
        </member>
        <member name="F:Peach.Core.UI.Windows.WM.COPYDATA">
            <summary>
            An application sends the WM_COPYDATA message to pass data to another application. 
            </summary>
        </member>
        <member name="F:Peach.Core.UI.Windows.WM.CANCELJOURNAL">
            <summary>
            The WM_CANCELJOURNAL message is posted to an application when a user cancels the application's journaling activities. The message is posted with a NULL window handle. 
            </summary>
        </member>
        <member name="F:Peach.Core.UI.Windows.WM.NOTIFY">
            <summary>
            Sent by a common control to its parent window when an event has occurred or the control requires some information. 
            </summary>
        </member>
        <member name="F:Peach.Core.UI.Windows.WM.INPUTLANGCHANGEREQUEST">
            <summary>
            The WM_INPUTLANGCHANGEREQUEST message is posted to the window with the focus when the user chooses a new input language, either with the hotkey (specified in the Keyboard control panel application) or from the indicator on the system taskbar. An application can accept the change by passing the message to the DefWindowProc function or reject the change (and prevent it from taking place) by returning immediately. 
            </summary>
        </member>
        <member name="F:Peach.Core.UI.Windows.WM.INPUTLANGCHANGE">
            <summary>
            The WM_INPUTLANGCHANGE message is sent to the topmost affected window after an application's input language has been changed. You should make any application-specific settings and pass the message to the DefWindowProc function, which passes the message to all first-level child windows. These child windows can pass the message to DefWindowProc to have it pass the message to their child windows, and so on. 
            </summary>
        </member>
        <member name="F:Peach.Core.UI.Windows.WM.TCARD">
            <summary>
            Sent to an application that has initiated a training card with Microsoft Windows Help. The message informs the application when the user clicks an authorable button. An application initiates a training card by specifying the HELP_TCARD command in a call to the WinHelp function.
            </summary>
        </member>
        <member name="F:Peach.Core.UI.Windows.WM.HELP">
            <summary>
            Indicates that the user pressed the F1 key. If a menu is active when F1 is pressed, WM_HELP is sent to the window associated with the menu; otherwise, WM_HELP is sent to the window that has the keyboard focus. If no window has the keyboard focus, WM_HELP is sent to the currently active window. 
            </summary>
        </member>
        <member name="F:Peach.Core.UI.Windows.WM.USERCHANGED">
            <summary>
            The WM_USERCHANGED message is sent to all windows after the user has logged on or off. When the user logs on or off, the system updates the user-specific settings. The system sends this message immediately after updating the settings.
            </summary>
        </member>
        <member name="F:Peach.Core.UI.Windows.WM.NOTIFYFORMAT">
            <summary>
            Determines if a window accepts ANSI or Unicode structures in the WM_NOTIFY notification message. WM_NOTIFYFORMAT messages are sent from a common control to its parent window and from the parent window to the common control.
            </summary>
        </member>
        <member name="F:Peach.Core.UI.Windows.WM.CONTEXTMENU">
            <summary>
            The WM_CONTEXTMENU message notifies a window that the user clicked the right mouse button (right-clicked) in the window.
            </summary>
        </member>
        <member name="F:Peach.Core.UI.Windows.WM.STYLECHANGING">
            <summary>
            The WM_STYLECHANGING message is sent to a window when the SetWindowLong function is about to change one or more of the window's styles.
            </summary>
        </member>
        <member name="F:Peach.Core.UI.Windows.WM.STYLECHANGED">
            <summary>
            The WM_STYLECHANGED message is sent to a window after the SetWindowLong function has changed one or more of the window's styles
            </summary>
        </member>
        <member name="F:Peach.Core.UI.Windows.WM.DISPLAYCHANGE">
            <summary>
            The WM_DISPLAYCHANGE message is sent to all windows when the display resolution has changed.
            </summary>
        </member>
        <member name="F:Peach.Core.UI.Windows.WM.GETICON">
            <summary>
            The WM_GETICON message is sent to a window to retrieve a handle to the large or small icon associated with a window. The system displays the large icon in the ALT+TAB dialog, and the small icon in the window caption. 
            </summary>
        </member>
        <member name="F:Peach.Core.UI.Windows.WM.SETICON">
            <summary>
            An application sends the WM_SETICON message to associate a new large or small icon with a window. The system displays the large icon in the ALT+TAB dialog box, and the small icon in the window caption. 
            </summary>
        </member>
        <member name="F:Peach.Core.UI.Windows.WM.NCCREATE">
            <summary>
            The WM_NCCREATE message is sent prior to the WM_CREATE message when a window is first created.
            </summary>
        </member>
        <member name="F:Peach.Core.UI.Windows.WM.NCDESTROY">
            <summary>
            The WM_NCDESTROY message informs a window that its nonclient area is being destroyed. The DestroyWindow function sends the WM_NCDESTROY message to the window following the WM_DESTROY message. WM_DESTROY is used to free the allocated memory object associated with the window. 
            The WM_NCDESTROY message is sent after the child windows have been destroyed. In contrast, WM_DESTROY is sent before the child windows are destroyed.
            </summary>
        </member>
        <member name="F:Peach.Core.UI.Windows.WM.NCCALCSIZE">
            <summary>
            The WM_NCCALCSIZE message is sent when the size and position of a window's client area must be calculated. By processing this message, an application can control the content of the window's client area when the size or position of the window changes.
            </summary>
        </member>
        <member name="F:Peach.Core.UI.Windows.WM.NCHITTEST">
            <summary>
            The WM_NCHITTEST message is sent to a window when the cursor moves, or when a mouse button is pressed or released. If the mouse is not captured, the message is sent to the window beneath the cursor. Otherwise, the message is sent to the window that has captured the mouse.
            </summary>
        </member>
        <member name="F:Peach.Core.UI.Windows.WM.NCPAINT">
            <summary>
            The WM_NCPAINT message is sent to a window when its frame must be painted. 
            </summary>
        </member>
        <member name="F:Peach.Core.UI.Windows.WM.NCACTIVATE">
            <summary>
            The WM_NCACTIVATE message is sent to a window when its nonclient area needs to be changed to indicate an active or inactive state.
            </summary>
        </member>
        <member name="F:Peach.Core.UI.Windows.WM.GETDLGCODE">
            <summary>
            The WM_GETDLGCODE message is sent to the window procedure associated with a control. By default, the system handles all keyboard input to the control; the system interprets certain types of keyboard input as dialog box navigation keys. To override this default behavior, the control can respond to the WM_GETDLGCODE message to indicate the types of input it wants to process itself.
            </summary>
        </member>
        <member name="F:Peach.Core.UI.Windows.WM.SYNCPAINT">
            <summary>
            The WM_SYNCPAINT message is used to synchronize painting while avoiding linking independent GUI threads.
            </summary>
        </member>
        <member name="F:Peach.Core.UI.Windows.WM.NCMOUSEMOVE">
            <summary>
            The WM_NCMOUSEMOVE message is posted to a window when the cursor is moved within the nonclient area of the window. This message is posted to the window that contains the cursor. If a window has captured the mouse, this message is not posted.
            </summary>
        </member>
        <member name="F:Peach.Core.UI.Windows.WM.NCLBUTTONDOWN">
            <summary>
            The WM_NCLBUTTONDOWN message is posted when the user presses the left mouse button while the cursor is within the nonclient area of a window. This message is posted to the window that contains the cursor. If a window has captured the mouse, this message is not posted.
            </summary>
        </member>
        <member name="F:Peach.Core.UI.Windows.WM.NCLBUTTONUP">
            <summary>
            The WM_NCLBUTTONUP message is posted when the user releases the left mouse button while the cursor is within the nonclient area of a window. This message is posted to the window that contains the cursor. If a window has captured the mouse, this message is not posted.
            </summary>
        </member>
        <member name="F:Peach.Core.UI.Windows.WM.NCLBUTTONDBLCLK">
            <summary>
            The WM_NCLBUTTONDBLCLK message is posted when the user double-clicks the left mouse button while the cursor is within the nonclient area of a window. This message is posted to the window that contains the cursor. If a window has captured the mouse, this message is not posted.
            </summary>
        </member>
        <member name="F:Peach.Core.UI.Windows.WM.NCRBUTTONDOWN">
            <summary>
            The WM_NCRBUTTONDOWN message is posted when the user presses the right mouse button while the cursor is within the nonclient area of a window. This message is posted to the window that contains the cursor. If a window has captured the mouse, this message is not posted.
            </summary>
        </member>
        <member name="F:Peach.Core.UI.Windows.WM.NCRBUTTONUP">
            <summary>
            The WM_NCRBUTTONUP message is posted when the user releases the right mouse button while the cursor is within the nonclient area of a window. This message is posted to the window that contains the cursor. If a window has captured the mouse, this message is not posted.
            </summary>
        </member>
        <member name="F:Peach.Core.UI.Windows.WM.NCRBUTTONDBLCLK">
            <summary>
            The WM_NCRBUTTONDBLCLK message is posted when the user double-clicks the right mouse button while the cursor is within the nonclient area of a window. This message is posted to the window that contains the cursor. If a window has captured the mouse, this message is not posted.
            </summary>
        </member>
        <member name="F:Peach.Core.UI.Windows.WM.NCMBUTTONDOWN">
            <summary>
            The WM_NCMBUTTONDOWN message is posted when the user presses the middle mouse button while the cursor is within the nonclient area of a window. This message is posted to the window that contains the cursor. If a window has captured the mouse, this message is not posted.
            </summary>
        </member>
        <member name="F:Peach.Core.UI.Windows.WM.NCMBUTTONUP">
            <summary>
            The WM_NCMBUTTONUP message is posted when the user releases the middle mouse button while the cursor is within the nonclient area of a window. This message is posted to the window that contains the cursor. If a window has captured the mouse, this message is not posted.
            </summary>
        </member>
        <member name="F:Peach.Core.UI.Windows.WM.NCMBUTTONDBLCLK">
            <summary>
            The WM_NCMBUTTONDBLCLK message is posted when the user double-clicks the middle mouse button while the cursor is within the nonclient area of a window. This message is posted to the window that contains the cursor. If a window has captured the mouse, this message is not posted.
            </summary>
        </member>
        <member name="F:Peach.Core.UI.Windows.WM.NCXBUTTONDOWN">
            <summary>
            The WM_NCXBUTTONDOWN message is posted when the user presses the first or second X button while the cursor is in the nonclient area of a window. This message is posted to the window that contains the cursor. If a window has captured the mouse, this message is not posted.
            </summary>
        </member>
        <member name="F:Peach.Core.UI.Windows.WM.NCXBUTTONUP">
            <summary>
            The WM_NCXBUTTONUP message is posted when the user releases the first or second X button while the cursor is in the nonclient area of a window. This message is posted to the window that contains the cursor. If a window has captured the mouse, this message is not posted.
            </summary>
        </member>
        <member name="F:Peach.Core.UI.Windows.WM.NCXBUTTONDBLCLK">
            <summary>
            The WM_NCXBUTTONDBLCLK message is posted when the user double-clicks the first or second X button while the cursor is in the nonclient area of a window. This message is posted to the window that contains the cursor. If a window has captured the mouse, this message is not posted.
            </summary>
        </member>
        <member name="F:Peach.Core.UI.Windows.WM.BN_CLICKED">
            <summary>
            Performs a mouse click.
            </summary>
        </member>
        <member name="F:Peach.Core.UI.Windows.WM.INPUT_DEVICE_CHANGE">
            <summary>
            The WM_INPUT_DEVICE_CHANGE message is sent to the window that registered to receive raw input. A window receives this message through its WindowProc function.
            </summary>
        </member>
        <member name="F:Peach.Core.UI.Windows.WM.INPUT">
            <summary>
            The WM_INPUT message is sent to the window that is getting raw input. 
            </summary>
        </member>
        <member name="F:Peach.Core.UI.Windows.WM.KEYFIRST">
            <summary>
            This message filters for keyboard messages.
            </summary>
        </member>
        <member name="F:Peach.Core.UI.Windows.WM.KEYDOWN">
            <summary>
            The WM_KEYDOWN message is posted to the window with the keyboard focus when a nonsystem key is pressed. A nonsystem key is a key that is pressed when the ALT key is not pressed. 
            </summary>
        </member>
        <member name="F:Peach.Core.UI.Windows.WM.KEYUP">
            <summary>
            The WM_KEYUP message is posted to the window with the keyboard focus when a nonsystem key is released. A nonsystem key is a key that is pressed when the ALT key is not pressed, or a keyboard key that is pressed when a window has the keyboard focus. 
            </summary>
        </member>
        <member name="F:Peach.Core.UI.Windows.WM.CHAR">
            <summary>
            The WM_CHAR message is posted to the window with the keyboard focus when a WM_KEYDOWN message is translated by the TranslateMessage function. The WM_CHAR message contains the character code of the key that was pressed. 
            </summary>
        </member>
        <member name="F:Peach.Core.UI.Windows.WM.DEADCHAR">
            <summary>
            The WM_DEADCHAR message is posted to the window with the keyboard focus when a WM_KEYUP message is translated by the TranslateMessage function. WM_DEADCHAR specifies a character code generated by a dead key. A dead key is a key that generates a character, such as the umlaut (double-dot), that is combined with another character to form a composite character. For example, the umlaut-O character (Ö) is generated by typing the dead key for the umlaut character, and then typing the O key. 
            </summary>
        </member>
        <member name="F:Peach.Core.UI.Windows.WM.SYSKEYDOWN">
            <summary>
            The WM_SYSKEYDOWN message is posted to the window with the keyboard focus when the user presses the F10 key (which activates the menu bar) or holds down the ALT key and then presses another key. It also occurs when no window currently has the keyboard focus; in this case, the WM_SYSKEYDOWN message is sent to the active window. The window that receives the message can distinguish between these two contexts by checking the context code in the lParam parameter. 
            </summary>
        </member>
        <member name="F:Peach.Core.UI.Windows.WM.SYSKEYUP">
            <summary>
            The WM_SYSKEYUP message is posted to the window with the keyboard focus when the user releases a key that was pressed while the ALT key was held down. It also occurs when no window currently has the keyboard focus; in this case, the WM_SYSKEYUP message is sent to the active window. The window that receives the message can distinguish between these two contexts by checking the context code in the lParam parameter. 
            </summary>
        </member>
        <member name="F:Peach.Core.UI.Windows.WM.SYSCHAR">
            <summary>
            The WM_SYSCHAR message is posted to the window with the keyboard focus when a WM_SYSKEYDOWN message is translated by the TranslateMessage function. It specifies the character code of a system character key — that is, a character key that is pressed while the ALT key is down. 
            </summary>
        </member>
        <member name="F:Peach.Core.UI.Windows.WM.SYSDEADCHAR">
            <summary>
            The WM_SYSDEADCHAR message is sent to the window with the keyboard focus when a WM_SYSKEYDOWN message is translated by the TranslateMessage function. WM_SYSDEADCHAR specifies the character code of a system dead key — that is, a dead key that is pressed while holding down the ALT key. 
            </summary>
        </member>
        <member name="F:Peach.Core.UI.Windows.WM.UNICHAR">
            <summary>
            The WM_UNICHAR message is posted to the window with the keyboard focus when a WM_KEYDOWN message is translated by the TranslateMessage function. The WM_UNICHAR message contains the character code of the key that was pressed. 
            The WM_UNICHAR message is equivalent to WM_CHAR, but it uses Unicode Transformation Format (UTF)-32, whereas WM_CHAR uses UTF-16. It is designed to send or post Unicode characters to ANSI windows and it can can handle Unicode Supplementary Plane characters.
            </summary>
        </member>
        <member name="F:Peach.Core.UI.Windows.WM.KEYLAST">
            <summary>
            This message filters for keyboard messages.
            </summary>
        </member>
        <member name="F:Peach.Core.UI.Windows.WM.IME_STARTCOMPOSITION">
            <summary>
            Sent immediately before the IME generates the composition string as a result of a keystroke. A window receives this message through its WindowProc function. 
            </summary>
        </member>
        <member name="F:Peach.Core.UI.Windows.WM.IME_ENDCOMPOSITION">
            <summary>
            Sent to an application when the IME ends composition. A window receives this message through its WindowProc function. 
            </summary>
        </member>
        <member name="F:Peach.Core.UI.Windows.WM.IME_COMPOSITION">
            <summary>
            Sent to an application when the IME changes composition status as a result of a keystroke. A window receives this message through its WindowProc function. 
            </summary>
        </member>
        <member name="F:Peach.Core.UI.Windows.WM.INITDIALOG">
            <summary>
            The WM_INITDIALOG message is sent to the dialog box procedure immediately before a dialog box is displayed. Dialog box procedures typically use this message to initialize controls and carry out any other initialization tasks that affect the appearance of the dialog box. 
            </summary>
        </member>
        <member name="F:Peach.Core.UI.Windows.WM.COMMAND">
            <summary>
            The WM_COMMAND message is sent when the user selects a command item from a menu, when a control sends a notification message to its parent window, or when an accelerator keystroke is translated. 
            </summary>
        </member>
        <member name="F:Peach.Core.UI.Windows.WM.SYSCOMMAND">
            <summary>
            A window receives this message when the user chooses a command from the Window menu (formerly known as the system or control menu) or when the user chooses the maximize button, minimize button, restore button, or close button.
            </summary>
        </member>
        <member name="F:Peach.Core.UI.Windows.WM.TIMER">
            <summary>
            The WM_TIMER message is posted to the installing thread's message queue when a timer expires. The message is posted by the GetMessage or PeekMessage function. 
            </summary>
        </member>
        <member name="F:Peach.Core.UI.Windows.WM.HSCROLL">
            <summary>
            The WM_HSCROLL message is sent to a window when a scroll event occurs in the window's standard horizontal scroll bar. This message is also sent to the owner of a horizontal scroll bar control when a scroll event occurs in the control. 
            </summary>
        </member>
        <member name="F:Peach.Core.UI.Windows.WM.VSCROLL">
            <summary>
            The WM_VSCROLL message is sent to a window when a scroll event occurs in the window's standard vertical scroll bar. This message is also sent to the owner of a vertical scroll bar control when a scroll event occurs in the control. 
            </summary>
        </member>
        <member name="F:Peach.Core.UI.Windows.WM.INITMENU">
            <summary>
            The WM_INITMENU message is sent when a menu is about to become active. It occurs when the user clicks an item on the menu bar or presses a menu key. This allows the application to modify the menu before it is displayed. 
            </summary>
        </member>
        <member name="F:Peach.Core.UI.Windows.WM.INITMENUPOPUP">
            <summary>
            The WM_INITMENUPOPUP message is sent when a drop-down menu or submenu is about to become active. This allows an application to modify the menu before it is displayed, without changing the entire menu. 
            </summary>
        </member>
        <member name="F:Peach.Core.UI.Windows.WM.MENUSELECT">
            <summary>
            The WM_MENUSELECT message is sent to a menu's owner window when the user selects a menu item. 
            </summary>
        </member>
        <member name="F:Peach.Core.UI.Windows.WM.MENUCHAR">
            <summary>
            The WM_MENUCHAR message is sent when a menu is active and the user presses a key that does not correspond to any mnemonic or accelerator key. This message is sent to the window that owns the menu. 
            </summary>
        </member>
        <member name="F:Peach.Core.UI.Windows.WM.ENTERIDLE">
            <summary>
            The WM_ENTERIDLE message is sent to the owner window of a modal dialog box or menu that is entering an idle state. A modal dialog box or menu enters an idle state when no messages are waiting in its queue after it has processed one or more previous messages. 
            </summary>
        </member>
        <member name="F:Peach.Core.UI.Windows.WM.MENURBUTTONUP">
            <summary>
            The WM_MENURBUTTONUP message is sent when the user releases the right mouse button while the cursor is on a menu item. 
            </summary>
        </member>
        <member name="F:Peach.Core.UI.Windows.WM.MENUDRAG">
            <summary>
            The WM_MENUDRAG message is sent to the owner of a drag-and-drop menu when the user drags a menu item. 
            </summary>
        </member>
        <member name="F:Peach.Core.UI.Windows.WM.MENUGETOBJECT">
            <summary>
            The WM_MENUGETOBJECT message is sent to the owner of a drag-and-drop menu when the mouse cursor enters a menu item or moves from the center of the item to the top or bottom of the item. 
            </summary>
        </member>
        <member name="F:Peach.Core.UI.Windows.WM.UNINITMENUPOPUP">
            <summary>
            The WM_UNINITMENUPOPUP message is sent when a drop-down menu or submenu has been destroyed. 
            </summary>
        </member>
        <member name="F:Peach.Core.UI.Windows.WM.MENUCOMMAND">
            <summary>
            The WM_MENUCOMMAND message is sent when the user makes a selection from a menu. 
            </summary>
        </member>
        <member name="F:Peach.Core.UI.Windows.WM.CHANGEUISTATE">
            <summary>
            An application sends the WM_CHANGEUISTATE message to indicate that the user interface (UI) state should be changed.
            </summary>
        </member>
        <member name="F:Peach.Core.UI.Windows.WM.UPDATEUISTATE">
            <summary>
            An application sends the WM_UPDATEUISTATE message to change the user interface (UI) state for the specified window and all its child windows.
            </summary>
        </member>
        <member name="F:Peach.Core.UI.Windows.WM.QUERYUISTATE">
            <summary>
            An application sends the WM_QUERYUISTATE message to retrieve the user interface (UI) state for a window.
            </summary>
        </member>
        <member name="F:Peach.Core.UI.Windows.WM.CTLCOLORMSGBOX">
            <summary>
            The WM_CTLCOLORMSGBOX message is sent to the owner window of a message box before Windows draws the message box. By responding to this message, the owner window can set the text and background colors of the message box by using the given display device context handle. 
            </summary>
        </member>
        <member name="F:Peach.Core.UI.Windows.WM.CTLCOLOREDIT">
            <summary>
            An edit control that is not read-only or disabled sends the WM_CTLCOLOREDIT message to its parent window when the control is about to be drawn. By responding to this message, the parent window can use the specified device context handle to set the text and background colors of the edit control. 
            </summary>
        </member>
        <member name="F:Peach.Core.UI.Windows.WM.CTLCOLORLISTBOX">
            <summary>
            Sent to the parent window of a list box before the system draws the list box. By responding to this message, the parent window can set the text and background colors of the list box by using the specified display device context handle. 
            </summary>
        </member>
        <member name="F:Peach.Core.UI.Windows.WM.CTLCOLORBTN">
            <summary>
            The WM_CTLCOLORBTN message is sent to the parent window of a button before drawing the button. The parent window can change the button's text and background colors. However, only owner-drawn buttons respond to the parent window processing this message. 
            </summary>
        </member>
        <member name="F:Peach.Core.UI.Windows.WM.CTLCOLORDLG">
            <summary>
            The WM_CTLCOLORDLG message is sent to a dialog box before the system draws the dialog box. By responding to this message, the dialog box can set its text and background colors using the specified display device context handle. 
            </summary>
        </member>
        <member name="F:Peach.Core.UI.Windows.WM.CTLCOLORSCROLLBAR">
            <summary>
            The WM_CTLCOLORSCROLLBAR message is sent to the parent window of a scroll bar control when the control is about to be drawn. By responding to this message, the parent window can use the display context handle to set the background color of the scroll bar control. 
            </summary>
        </member>
        <member name="F:Peach.Core.UI.Windows.WM.CTLCOLORSTATIC">
            <summary>
            A static control, or an edit control that is read-only or disabled, sends the WM_CTLCOLORSTATIC message to its parent window when the control is about to be drawn. By responding to this message, the parent window can use the specified device context handle to set the text and background colors of the static control. 
            </summary>
        </member>
        <member name="F:Peach.Core.UI.Windows.WM.MOUSEFIRST">
            <summary>
            Use WM_MOUSEFIRST to specify the first mouse message. Use the PeekMessage() Function.
            </summary>
        </member>
        <member name="F:Peach.Core.UI.Windows.WM.MOUSEMOVE">
            <summary>
            The WM_MOUSEMOVE message is posted to a window when the cursor moves. If the mouse is not captured, the message is posted to the window that contains the cursor. Otherwise, the message is posted to the window that has captured the mouse.
            </summary>
        </member>
        <member name="F:Peach.Core.UI.Windows.WM.LBUTTONDOWN">
            <summary>
            The WM_LBUTTONDOWN message is posted when the user presses the left mouse button while the cursor is in the client area of a window. If the mouse is not captured, the message is posted to the window beneath the cursor. Otherwise, the message is posted to the window that has captured the mouse.
            </summary>
        </member>
        <member name="F:Peach.Core.UI.Windows.WM.LBUTTONUP">
            <summary>
            The WM_LBUTTONUP message is posted when the user releases the left mouse button while the cursor is in the client area of a window. If the mouse is not captured, the message is posted to the window beneath the cursor. Otherwise, the message is posted to the window that has captured the mouse.
            </summary>
        </member>
        <member name="F:Peach.Core.UI.Windows.WM.LBUTTONDBLCLK">
            <summary>
            The WM_LBUTTONDBLCLK message is posted when the user double-clicks the left mouse button while the cursor is in the client area of a window. If the mouse is not captured, the message is posted to the window beneath the cursor. Otherwise, the message is posted to the window that has captured the mouse.
            </summary>
        </member>
        <member name="F:Peach.Core.UI.Windows.WM.RBUTTONDOWN">
            <summary>
            The WM_RBUTTONDOWN message is posted when the user presses the right mouse button while the cursor is in the client area of a window. If the mouse is not captured, the message is posted to the window beneath the cursor. Otherwise, the message is posted to the window that has captured the mouse.
            </summary>
        </member>
        <member name="F:Peach.Core.UI.Windows.WM.RBUTTONUP">
            <summary>
            The WM_RBUTTONUP message is posted when the user releases the right mouse button while the cursor is in the client area of a window. If the mouse is not captured, the message is posted to the window beneath the cursor. Otherwise, the message is posted to the window that has captured the mouse.
            </summary>
        </member>
        <member name="F:Peach.Core.UI.Windows.WM.RBUTTONDBLCLK">
            <summary>
            The WM_RBUTTONDBLCLK message is posted when the user double-clicks the right mouse button while the cursor is in the client area of a window. If the mouse is not captured, the message is posted to the window beneath the cursor. Otherwise, the message is posted to the window that has captured the mouse.
            </summary>
        </member>
        <member name="F:Peach.Core.UI.Windows.WM.MBUTTONDOWN">
            <summary>
            The WM_MBUTTONDOWN message is posted when the user presses the middle mouse button while the cursor is in the client area of a window. If the mouse is not captured, the message is posted to the window beneath the cursor. Otherwise, the message is posted to the window that has captured the mouse.
            </summary>
        </member>
        <member name="F:Peach.Core.UI.Windows.WM.MBUTTONUP">
            <summary>
            The WM_MBUTTONUP message is posted when the user releases the middle mouse button while the cursor is in the client area of a window. If the mouse is not captured, the message is posted to the window beneath the cursor. Otherwise, the message is posted to the window that has captured the mouse.
            </summary>
        </member>
        <member name="F:Peach.Core.UI.Windows.WM.MBUTTONDBLCLK">
            <summary>
            The WM_MBUTTONDBLCLK message is posted when the user double-clicks the middle mouse button while the cursor is in the client area of a window. If the mouse is not captured, the message is posted to the window beneath the cursor. Otherwise, the message is posted to the window that has captured the mouse.
            </summary>
        </member>
        <member name="F:Peach.Core.UI.Windows.WM.MOUSEWHEEL">
            <summary>
            The WM_MOUSEWHEEL message is sent to the focus window when the mouse wheel is rotated. The DefWindowProc function propagates the message to the window's parent. There should be no internal forwarding of the message, since DefWindowProc propagates it up the parent chain until it finds a window that processes it.
            </summary>
        </member>
        <member name="F:Peach.Core.UI.Windows.WM.XBUTTONDOWN">
            <summary>
            The WM_XBUTTONDOWN message is posted when the user presses the first or second X button while the cursor is in the client area of a window. If the mouse is not captured, the message is posted to the window beneath the cursor. Otherwise, the message is posted to the window that has captured the mouse. 
            </summary>
        </member>
        <member name="F:Peach.Core.UI.Windows.WM.XBUTTONUP">
            <summary>
            The WM_XBUTTONUP message is posted when the user releases the first or second X button while the cursor is in the client area of a window. If the mouse is not captured, the message is posted to the window beneath the cursor. Otherwise, the message is posted to the window that has captured the mouse.
            </summary>
        </member>
        <member name="F:Peach.Core.UI.Windows.WM.XBUTTONDBLCLK">
            <summary>
            The WM_XBUTTONDBLCLK message is posted when the user double-clicks the first or second X button while the cursor is in the client area of a window. If the mouse is not captured, the message is posted to the window beneath the cursor. Otherwise, the message is posted to the window that has captured the mouse.
            </summary>
        </member>
        <member name="F:Peach.Core.UI.Windows.WM.MOUSEHWHEEL">
            <summary>
            The WM_MOUSEHWHEEL message is sent to the focus window when the mouse's horizontal scroll wheel is tilted or rotated. The DefWindowProc function propagates the message to the window's parent. There should be no internal forwarding of the message, since DefWindowProc propagates it up the parent chain until it finds a window that processes it.
            </summary>
        </member>
        <member name="F:Peach.Core.UI.Windows.WM.MOUSELAST">
            <summary>
            Use WM_MOUSELAST to specify the last mouse message. Used with PeekMessage() Function.
            </summary>
        </member>
        <member name="F:Peach.Core.UI.Windows.WM.PARENTNOTIFY">
            <summary>
            The WM_PARENTNOTIFY message is sent to the parent of a child window when the child window is created or destroyed, or when the user clicks a mouse button while the cursor is over the child window. When the child window is being created, the system sends WM_PARENTNOTIFY just before the CreateWindow or CreateWindowEx function that creates the window returns. When the child window is being destroyed, the system sends the message before any processing to destroy the window takes place.
            </summary>
        </member>
        <member name="F:Peach.Core.UI.Windows.WM.ENTERMENULOOP">
            <summary>
            The WM_ENTERMENULOOP message informs an application's main window procedure that a menu modal loop has been entered. 
            </summary>
        </member>
        <member name="F:Peach.Core.UI.Windows.WM.EXITMENULOOP">
            <summary>
            The WM_EXITMENULOOP message informs an application's main window procedure that a menu modal loop has been exited. 
            </summary>
        </member>
        <member name="F:Peach.Core.UI.Windows.WM.NEXTMENU">
            <summary>
            The WM_NEXTMENU message is sent to an application when the right or left arrow key is used to switch between the menu bar and the system menu. 
            </summary>
        </member>
        <member name="F:Peach.Core.UI.Windows.WM.SIZING">
            <summary>
            The WM_SIZING message is sent to a window that the user is resizing. By processing this message, an application can monitor the size and position of the drag rectangle and, if needed, change its size or position. 
            </summary>
        </member>
        <member name="F:Peach.Core.UI.Windows.WM.CAPTURECHANGED">
            <summary>
            The WM_CAPTURECHANGED message is sent to the window that is losing the mouse capture.
            </summary>
        </member>
        <member name="F:Peach.Core.UI.Windows.WM.MOVING">
            <summary>
            The WM_MOVING message is sent to a window that the user is moving. By processing this message, an application can monitor the position of the drag rectangle and, if needed, change its position.
            </summary>
        </member>
        <member name="F:Peach.Core.UI.Windows.WM.POWERBROADCAST">
            <summary>
            Notifies applications that a power-management event has occurred.
            </summary>
        </member>
        <member name="F:Peach.Core.UI.Windows.WM.DEVICECHANGE">
            <summary>
            Notifies an application of a change to the hardware configuration of a device or the computer.
            </summary>
        </member>
        <member name="F:Peach.Core.UI.Windows.WM.MDICREATE">
            <summary>
            An application sends the WM_MDICREATE message to a multiple-document interface (MDI) client window to create an MDI child window. 
            </summary>
        </member>
        <member name="F:Peach.Core.UI.Windows.WM.MDIDESTROY">
            <summary>
            An application sends the WM_MDIDESTROY message to a multiple-document interface (MDI) client window to close an MDI child window. 
            </summary>
        </member>
        <member name="F:Peach.Core.UI.Windows.WM.MDIACTIVATE">
            <summary>
            An application sends the WM_MDIACTIVATE message to a multiple-document interface (MDI) client window to instruct the client window to activate a different MDI child window. 
            </summary>
        </member>
        <member name="F:Peach.Core.UI.Windows.WM.MDIRESTORE">
            <summary>
            An application sends the WM_MDIRESTORE message to a multiple-document interface (MDI) client window to restore an MDI child window from maximized or minimized size. 
            </summary>
        </member>
        <member name="F:Peach.Core.UI.Windows.WM.MDINEXT">
            <summary>
            An application sends the WM_MDINEXT message to a multiple-document interface (MDI) client window to activate the next or previous child window. 
            </summary>
        </member>
        <member name="F:Peach.Core.UI.Windows.WM.MDIMAXIMIZE">
            <summary>
            An application sends the WM_MDIMAXIMIZE message to a multiple-document interface (MDI) client window to maximize an MDI child window. The system resizes the child window to make its client area fill the client window. The system places the child window's window menu icon in the rightmost position of the frame window's menu bar, and places the child window's restore icon in the leftmost position. The system also appends the title bar text of the child window to that of the frame window. 
            </summary>
        </member>
        <member name="F:Peach.Core.UI.Windows.WM.MDITILE">
            <summary>
            An application sends the WM_MDITILE message to a multiple-document interface (MDI) client window to arrange all of its MDI child windows in a tile format. 
            </summary>
        </member>
        <member name="F:Peach.Core.UI.Windows.WM.MDICASCADE">
            <summary>
            An application sends the WM_MDICASCADE message to a multiple-document interface (MDI) client window to arrange all its child windows in a cascade format. 
            </summary>
        </member>
        <member name="F:Peach.Core.UI.Windows.WM.MDIICONARRANGE">
            <summary>
            An application sends the WM_MDIICONARRANGE message to a multiple-document interface (MDI) client window to arrange all minimized MDI child windows. It does not affect child windows that are not minimized. 
            </summary>
        </member>
        <member name="F:Peach.Core.UI.Windows.WM.MDIGETACTIVE">
            <summary>
            An application sends the WM_MDIGETACTIVE message to a multiple-document interface (MDI) client window to retrieve the handle to the active MDI child window. 
            </summary>
        </member>
        <member name="F:Peach.Core.UI.Windows.WM.MDISETMENU">
            <summary>
            An application sends the WM_MDISETMENU message to a multiple-document interface (MDI) client window to replace the entire menu of an MDI frame window, to replace the window menu of the frame window, or both. 
            </summary>
        </member>
        <member name="F:Peach.Core.UI.Windows.WM.ENTERSIZEMOVE">
            <summary>
            The WM_ENTERSIZEMOVE message is sent one time to a window after it enters the moving or sizing modal loop. The window enters the moving or sizing modal loop when the user clicks the window's title bar or sizing border, or when the window passes the WM_SYSCOMMAND message to the DefWindowProc function and the wParam parameter of the message specifies the SC_MOVE or SC_SIZE value. The operation is complete when DefWindowProc returns. 
            The system sends the WM_ENTERSIZEMOVE message regardless of whether the dragging of full windows is enabled.
            </summary>
        </member>
        <member name="F:Peach.Core.UI.Windows.WM.EXITSIZEMOVE">
            <summary>
            The WM_EXITSIZEMOVE message is sent one time to a window, after it has exited the moving or sizing modal loop. The window enters the moving or sizing modal loop when the user clicks the window's title bar or sizing border, or when the window passes the WM_SYSCOMMAND message to the DefWindowProc function and the wParam parameter of the message specifies the SC_MOVE or SC_SIZE value. The operation is complete when DefWindowProc returns. 
            </summary>
        </member>
        <member name="F:Peach.Core.UI.Windows.WM.DROPFILES">
            <summary>
            Sent when the user drops a file on the window of an application that has registered itself as a recipient of dropped files.
            </summary>
        </member>
        <member name="F:Peach.Core.UI.Windows.WM.MDIREFRESHMENU">
            <summary>
            An application sends the WM_MDIREFRESHMENU message to a multiple-document interface (MDI) client window to refresh the window menu of the MDI frame window. 
            </summary>
        </member>
        <member name="F:Peach.Core.UI.Windows.WM.IME_SETCONTEXT">
            <summary>
            Sent to an application when a window is activated. A window receives this message through its WindowProc function. 
            </summary>
        </member>
        <member name="F:Peach.Core.UI.Windows.WM.IME_NOTIFY">
            <summary>
            Sent to an application to notify it of changes to the IME window. A window receives this message through its WindowProc function. 
            </summary>
        </member>
        <member name="F:Peach.Core.UI.Windows.WM.IME_CONTROL">
            <summary>
            Sent by an application to direct the IME window to carry out the requested command. The application uses this message to control the IME window that it has created. To send this message, the application calls the SendMessage function with the following parameters.
            </summary>
        </member>
        <member name="F:Peach.Core.UI.Windows.WM.IME_COMPOSITIONFULL">
            <summary>
            Sent to an application when the IME window finds no space to extend the area for the composition window. A window receives this message through its WindowProc function. 
            </summary>
        </member>
        <member name="F:Peach.Core.UI.Windows.WM.IME_SELECT">
            <summary>
            Sent to an application when the operating system is about to change the current IME. A window receives this message through its WindowProc function. 
            </summary>
        </member>
        <member name="F:Peach.Core.UI.Windows.WM.IME_CHAR">
            <summary>
            Sent to an application when the IME gets a character of the conversion result. A window receives this message through its WindowProc function. 
            </summary>
        </member>
        <member name="F:Peach.Core.UI.Windows.WM.IME_REQUEST">
            <summary>
            Sent to an application to provide commands and request information. A window receives this message through its WindowProc function. 
            </summary>
        </member>
        <member name="F:Peach.Core.UI.Windows.WM.IME_KEYDOWN">
            <summary>
            Sent to an application by the IME to notify the application of a key press and to keep message order. A window receives this message through its WindowProc function. 
            </summary>
        </member>
        <member name="F:Peach.Core.UI.Windows.WM.IME_KEYUP">
            <summary>
            Sent to an application by the IME to notify the application of a key release and to keep message order. A window receives this message through its WindowProc function. 
            </summary>
        </member>
        <member name="F:Peach.Core.UI.Windows.WM.MOUSEHOVER">
            <summary>
            The WM_MOUSEHOVER message is posted to a window when the cursor hovers over the client area of the window for the period of time specified in a prior call to TrackMouseEvent.
            </summary>
        </member>
        <member name="F:Peach.Core.UI.Windows.WM.MOUSELEAVE">
            <summary>
            The WM_MOUSELEAVE message is posted to a window when the cursor leaves the client area of the window specified in a prior call to TrackMouseEvent.
            </summary>
        </member>
        <member name="F:Peach.Core.UI.Windows.WM.NCMOUSEHOVER">
            <summary>
            The WM_NCMOUSEHOVER message is posted to a window when the cursor hovers over the nonclient area of the window for the period of time specified in a prior call to TrackMouseEvent.
            </summary>
        </member>
        <member name="F:Peach.Core.UI.Windows.WM.NCMOUSELEAVE">
            <summary>
            The WM_NCMOUSELEAVE message is posted to a window when the cursor leaves the nonclient area of the window specified in a prior call to TrackMouseEvent.
            </summary>
        </member>
        <member name="F:Peach.Core.UI.Windows.WM.WTSSESSION_CHANGE">
            <summary>
            The WM_WTSSESSION_CHANGE message notifies applications of changes in session state.
            </summary>
        </member>
        <member name="F:Peach.Core.UI.Windows.WM.CUT">
            <summary>
            An application sends a WM_CUT message to an edit control or combo box to delete (cut) the current selection, if any, in the edit control and copy the deleted text to the clipboard in CF_TEXT format. 
            </summary>
        </member>
        <member name="F:Peach.Core.UI.Windows.WM.COPY">
            <summary>
            An application sends the WM_COPY message to an edit control or combo box to copy the current selection to the clipboard in CF_TEXT format. 
            </summary>
        </member>
        <member name="F:Peach.Core.UI.Windows.WM.PASTE">
            <summary>
            An application sends a WM_PASTE message to an edit control or combo box to copy the current content of the clipboard to the edit control at the current caret position. Data is inserted only if the clipboard contains data in CF_TEXT format. 
            </summary>
        </member>
        <member name="F:Peach.Core.UI.Windows.WM.CLEAR">
            <summary>
            An application sends a WM_CLEAR message to an edit control or combo box to delete (clear) the current selection, if any, from the edit control. 
            </summary>
        </member>
        <member name="F:Peach.Core.UI.Windows.WM.UNDO">
            <summary>
            An application sends a WM_UNDO message to an edit control to undo the last operation. When this message is sent to an edit control, the previously deleted text is restored or the previously added text is deleted.
            </summary>
        </member>
        <member name="F:Peach.Core.UI.Windows.WM.RENDERFORMAT">
            <summary>
            The WM_RENDERFORMAT message is sent to the clipboard owner if it has delayed rendering a specific clipboard format and if an application has requested data in that format. The clipboard owner must render data in the specified format and place it on the clipboard by calling the SetClipboardData function. 
            </summary>
        </member>
        <member name="F:Peach.Core.UI.Windows.WM.RENDERALLFORMATS">
            <summary>
            The WM_RENDERALLFORMATS message is sent to the clipboard owner before it is destroyed, if the clipboard owner has delayed rendering one or more clipboard formats. For the content of the clipboard to remain available to other applications, the clipboard owner must render data in all the formats it is capable of generating, and place the data on the clipboard by calling the SetClipboardData function. 
            </summary>
        </member>
        <member name="F:Peach.Core.UI.Windows.WM.DESTROYCLIPBOARD">
            <summary>
            The WM_DESTROYCLIPBOARD message is sent to the clipboard owner when a call to the EmptyClipboard function empties the clipboard. 
            </summary>
        </member>
        <member name="F:Peach.Core.UI.Windows.WM.DRAWCLIPBOARD">
            <summary>
            The WM_DRAWCLIPBOARD message is sent to the first window in the clipboard viewer chain when the content of the clipboard changes. This enables a clipboard viewer window to display the new content of the clipboard. 
            </summary>
        </member>
        <member name="F:Peach.Core.UI.Windows.WM.PAINTCLIPBOARD">
            <summary>
            The WM_PAINTCLIPBOARD message is sent to the clipboard owner by a clipboard viewer window when the clipboard contains data in the CF_OWNERDISPLAY format and the clipboard viewer's client area needs repainting. 
            </summary>
        </member>
        <member name="F:Peach.Core.UI.Windows.WM.VSCROLLCLIPBOARD">
            <summary>
            The WM_VSCROLLCLIPBOARD message is sent to the clipboard owner by a clipboard viewer window when the clipboard contains data in the CF_OWNERDISPLAY format and an event occurs in the clipboard viewer's vertical scroll bar. The owner should scroll the clipboard image and update the scroll bar values. 
            </summary>
        </member>
        <member name="F:Peach.Core.UI.Windows.WM.SIZECLIPBOARD">
            <summary>
            The WM_SIZECLIPBOARD message is sent to the clipboard owner by a clipboard viewer window when the clipboard contains data in the CF_OWNERDISPLAY format and the clipboard viewer's client area has changed size. 
            </summary>
        </member>
        <member name="F:Peach.Core.UI.Windows.WM.ASKCBFORMATNAME">
            <summary>
            The WM_ASKCBFORMATNAME message is sent to the clipboard owner by a clipboard viewer window to request the name of a CF_OWNERDISPLAY clipboard format.
            </summary>
        </member>
        <member name="F:Peach.Core.UI.Windows.WM.CHANGECBCHAIN">
            <summary>
            The WM_CHANGECBCHAIN message is sent to the first window in the clipboard viewer chain when a window is being removed from the chain. 
            </summary>
        </member>
        <member name="F:Peach.Core.UI.Windows.WM.HSCROLLCLIPBOARD">
            <summary>
            The WM_HSCROLLCLIPBOARD message is sent to the clipboard owner by a clipboard viewer window. This occurs when the clipboard contains data in the CF_OWNERDISPLAY format and an event occurs in the clipboard viewer's horizontal scroll bar. The owner should scroll the clipboard image and update the scroll bar values. 
            </summary>
        </member>
        <member name="F:Peach.Core.UI.Windows.WM.QUERYNEWPALETTE">
            <summary>
            This message informs a window that it is about to receive the keyboard focus, giving the window the opportunity to realize its logical palette when it receives the focus. 
            </summary>
        </member>
        <member name="F:Peach.Core.UI.Windows.WM.PALETTEISCHANGING">
            <summary>
            The WM_PALETTEISCHANGING message informs applications that an application is going to realize its logical palette. 
            </summary>
        </member>
        <member name="F:Peach.Core.UI.Windows.WM.PALETTECHANGED">
            <summary>
            This message is sent by the OS to all top-level and overlapped windows after the window with the keyboard focus realizes its logical palette. 
            This message enables windows that do not have the keyboard focus to realize their logical palettes and update their client areas.
            </summary>
        </member>
        <member name="F:Peach.Core.UI.Windows.WM.HOTKEY">
            <summary>
            The WM_HOTKEY message is posted when the user presses a hot key registered by the RegisterHotKey function. The message is placed at the top of the message queue associated with the thread that registered the hot key. 
            </summary>
        </member>
        <member name="F:Peach.Core.UI.Windows.WM.PRINT">
            <summary>
            The WM_PRINT message is sent to a window to request that it draw itself in the specified device context, most commonly in a printer device context.
            </summary>
        </member>
        <member name="F:Peach.Core.UI.Windows.WM.PRINTCLIENT">
            <summary>
            The WM_PRINTCLIENT message is sent to a window to request that it draw its client area in the specified device context, most commonly in a printer device context.
            </summary>
        </member>
        <member name="F:Peach.Core.UI.Windows.WM.APPCOMMAND">
            <summary>
            The WM_APPCOMMAND message notifies a window that the user generated an application command event, for example, by clicking an application command button using the mouse or typing an application command key on the keyboard.
            </summary>
        </member>
        <member name="F:Peach.Core.UI.Windows.WM.THEMECHANGED">
            <summary>
            The WM_THEMECHANGED message is broadcast to every window following a theme change event. Examples of theme change events are the activation of a theme, the deactivation of a theme, or a transition from one theme to another.
            </summary>
        </member>
        <member name="F:Peach.Core.UI.Windows.WM.CLIPBOARDUPDATE">
            <summary>
            Sent when the contents of the clipboard have changed.
            </summary>
        </member>
        <member name="F:Peach.Core.UI.Windows.WM.DWMCOMPOSITIONCHANGED">
            <summary>
            The system will send a window the WM_DWMCOMPOSITIONCHANGED message to indicate that the availability of desktop composition has changed.
            </summary>
        </member>
        <member name="F:Peach.Core.UI.Windows.WM.DWMNCRENDERINGCHANGED">
            <summary>
            WM_DWMNCRENDERINGCHANGED is called when the non-client area rendering status of a window has changed. Only windows that have set the flag DWM_BLURBEHIND.fTransitionOnMaximized to true will get this message. 
            </summary>
        </member>
        <member name="F:Peach.Core.UI.Windows.WM.DWMCOLORIZATIONCOLORCHANGED">
            <summary>
            Sent to all top-level windows when the colorization color has changed. 
            </summary>
        </member>
        <member name="F:Peach.Core.UI.Windows.WM.DWMWINDOWMAXIMIZEDCHANGE">
            <summary>
            WM_DWMWINDOWMAXIMIZEDCHANGE will let you know when a DWM composed window is maximized. You also have to register for this message as well. You'd have other windowd go opaque when this message is sent.
            </summary>
        </member>
        <member name="F:Peach.Core.UI.Windows.WM.GETTITLEBARINFOEX">
            <summary>
            Sent to request extended title bar information. A window receives this message through its WindowProc function.
            </summary>
        </member>
        <member name="F:Peach.Core.UI.Windows.WM.APP">
            <summary>
            The WM_APP constant is used by applications to help define private messages, usually of the form WM_APP+X, where X is an integer value. 
            </summary>
        </member>
        <member name="F:Peach.Core.UI.Windows.WM.USER">
            <summary>
            The WM_USER constant is used by applications to help define private messages for use by private window classes, usually of the form WM_USER+X, where X is an integer value. 
            </summary>
        </member>
        <member name="F:Peach.Core.UI.Windows.WM.CPL_LAUNCH">
            <summary>
            An application sends the WM_CPL_LAUNCH message to Windows Control Panel to request that a Control Panel application be started. 
            </summary>
        </member>
        <member name="F:Peach.Core.UI.Windows.WM.CPL_LAUNCHED">
            <summary>
            The WM_CPL_LAUNCHED message is sent when a Control Panel application, started by the WM_CPL_LAUNCH message, has closed. The WM_CPL_LAUNCHED message is sent to the window identified by the wParam parameter of the WM_CPL_LAUNCH message that started the application. 
            </summary>
        </member>
        <member name="F:Peach.Core.UI.Windows.WM.SYSTIMER">
            <summary>
            WM_SYSTIMER is a well-known yet still undocumented message. Windows uses WM_SYSTIMER for internal actions like scrolling.
            </summary>
        </member>
    </members>
</doc>
