<?xml version="1.0" encoding="utf-8"?>
<Peach xmlns="http://peachfuzzer.com/2012/Peach" xmlns:xsi="http://www.w3.org/2001/XMLSchema-instance"
	xsi:schemaLocation="http://peachfuzzer.com/2012/Peach ../peach.xsd">

	<!--
		
		Example of the fault bucketing.  This example will launch a 
		program with an attached debugger and log stack traces on faults.
		
		Syntax:
		
		  peach.exe samples\CrashingFileConsumer.xml
		
		Output:
		
		  You will see the tests scroll along.
		  Faults should occur quite often.
		
	-->

	<DataModel name="TestTemplate">
		<String  value="Hello World!" />
	</DataModel>

	<StateModel name="State" initialState="Initial">
		<State name="Initial">

			<Action type="output">
				<DataModel ref="TestTemplate" />
			</Action>
			
			<Action type="close" />

			<Action type="call" method="Start" publisher="Peach.Agent" />

		</State>
	</StateModel>

	<Agent name="LinAgent">
		<Monitor class="LinuxDebugger">
			<Param name="Executable" value="./CrashingFileConsumer" />
			<Param name="Arguments" value="fuzzed.bin" />
			<Param name="StartOnCall" value="Start" />
			<!--<Param name="GdbPath" value="/path/to/gdb" />-->
		</Monitor>
	</Agent>

	<Agent name="OsxAgent">
		<Monitor class="CrashWrangler">
			<Param name="Command" value="./CrashingFileConsumer" />
			<Param name="Arguments" value="fuzzed.bin" />
			<Param name="StartOnCall" value="Start" />

			<Param name="UseDebugMalloc" value="true" />
			<Param name="ExploitableReads" value="true" />
			<!--<Param name="ExecHandler" value="/path/to/exc_handler" />-->
		</Monitor>
	</Agent>

	<Agent name="WinAgent">
		<Monitor class="WindowsDebugger">
			<Param name="CommandLine" value="CrashingFileConsumer.exe fuzzed.bin" />
			<Param name="StartOnCall" value="Start" />
			<!--<Param name="WinDbgPath" value="C:\Program Files (x86)\Debugging Tools for Windows (x86)" />-->
		</Monitor>
		<Monitor class="PageHeap">
			<Param name="Executable" value="CrashingFileConsumer.exe"/>
			<!--<Param name="WinDbgPath" value="C:\Program Files (x86)\Debugging Tools for Windows (x86)" />-->
		</Monitor>
	</Agent>

	<Test name="Default">
		<Agent ref="LinAgent" platform="linux"/>
		<Agent ref="OsxAgent" platform="osx"/>
		<Agent ref="WinAgent" platform="windows"/>

		<StateModel ref="State"/>
		<Publisher class="File">
			<Param name="FileName" value="fuzzed.bin" />
		</Publisher>
		<Logger class="Filesystem">
			<Param name="Path" value="Logs" />
		</Logger>
	</Test>
</Peach>
<!-- end -->
