<project name="Traceanalyzer Launcher" default="traceanalyzer" basedir=".">

    <property name="base.dir" value="${basedir}/.."/>

    <property name="etc.dir" value="${base.dir}/etc"/>
    <property name="lib.dir" value="${base.dir}/lib"/>
    <property name="log.dir" value="${base.dir}/log"/>

    <path id="base.class.path">
        <pathelement path="${etc.dir}"/>
        <fileset dir="${lib.dir}" includes="*.jar"/>
    </path>
    
    <jvmargset id="base.jvm.args">
      	<jvmarg line="-Xmx1024m"/>
	</jvmargset>

    <target name="traceanalyzer">
        <mkdir dir="${log.dir}" />
        <launch classname="com.dom.traceanalyzer.TraceAnalyzer">
            <classpath refid="base.class.path"/>
            <syspropertyset>
                <sysproperty key="log.dir" file="${log.dir}"/>
            </syspropertyset>
            <jvmargset refid="base.jvm.args"/>
        </launch>
    </target>
</project>
