<?xml version="1.0" encoding="UTF-8" standalone="yes"?>
<SwingBenchConfiguration xmlns="http://www.dominicgiles.com/swingbench/config">
    <Name>TPC-DS Transactions Generator</Name>
    <Comment>TPC-DS application transactions (Insert/Update) via PL/SQL procedure</Comment>
    <Connection>
        <UserName>tpcdslike</UserName>
        <Password>enc(eSb5JLfSDeN6zxlQgDFxuw==)</Password>
        <ConnectString>//tpc12server/tpc</ConnectString>
        <DriverType>Oracle jdbc Driver</DriverType>
    </Connection>
    <Load>
        <NumberOfUsers>10</NumberOfUsers>
        <MinDelay>0</MinDelay>
        <MaxDelay>0</MaxDelay>
        <InterMinDelay>1</InterMinDelay>
        <InterMaxDelay>100</InterMaxDelay>
        <QueryTimeout>0</QueryTimeout>
        <MaxTransactions>0</MaxTransactions>
        <RunTime>1:0</RunTime>
        <LogonGroupCount>1</LogonGroupCount>
        <LogonDelay>0</LogonDelay>
        <LogOutPostTransaction>false</LogOutPostTransaction>
        <WaitTillAllLogon>false</WaitTillAllLogon>
        <StatsCollectionStart>0:0</StatsCollectionStart>
        <StatsCollectionEnd>0:0</StatsCollectionEnd>
        <ConnectionRefresh>0</ConnectionRefresh>
        <TransactionList>
            <Transaction>
                <Id>NewCatalogSales</Id>
                <ShortName>NCS</ShortName>
                <ClassName>com.dom.benchmarking.swingbench.benchmarks.tpcdstransactions.NewCatalogSales</ClassName>
                <Weight>17</Weight>
                <Enabled>true</Enabled>
            </Transaction>
            <Transaction>
                <Id>NewStoreSales</Id>
                <ShortName>NSS</ShortName>
                <ClassName>com.dom.benchmarking.swingbench.benchmarks.tpcdstransactions.NewStoreSales</ClassName>
                <Weight>17</Weight>
                <Enabled>true</Enabled>
            </Transaction>
            <Transaction>
                <Id>NewWebSales</Id>
                <ShortName>NWS</ShortName>
                <ClassName>com.dom.benchmarking.swingbench.benchmarks.tpcdstransactions.NewWebSales</ClassName>
                <Weight>17</Weight>
                <Enabled>true</Enabled>
            </Transaction>
            <Transaction>
                <Id>UpdateCatalogSales</Id>
                <ShortName>UCS</ShortName>
                <ClassName>com.dom.benchmarking.swingbench.benchmarks.tpcdstransactions.UpdateCatalogSales</ClassName>
                <Weight>17</Weight>
                <Enabled>true</Enabled>
            </Transaction>
            <Transaction>
                <Id>UpdateStoreSales</Id>
                <ShortName>USS</ShortName>
                <ClassName>com.dom.benchmarking.swingbench.benchmarks.tpcdstransactions.UpdateStoreSales</ClassName>
                <Weight>17</Weight>
                <Enabled>true</Enabled>
            </Transaction>
            <Transaction>
                <Id>UpdateWebSales</Id>
                <ShortName>UWS</ShortName>
                <ClassName>com.dom.benchmarking.swingbench.benchmarks.tpcdstransactions.UpdateWebSales</ClassName>
                <Weight>17</Weight>
                <Enabled>true</Enabled>
            </Transaction>
        </TransactionList>
    </Load>
    <Preferences>
        <StartMode>manual</StartMode>
        <Output>swingbench</Output>
        <JumpToEvents>true</JumpToEvents>
        <TimingsIncludeSleep>false</TimingsIncludeSleep>
        <TimingsIn>milliseconds</TimingsIn>
        <StatisticsLevel>simple</StatisticsLevel>
        <OutputFile>results.xml</OutputFile>
        <Charts DefaultChart="Overview">
            <Chart>
                <Name>DML Operations Per Minute</Name>
                <Autoscale>true</Autoscale>
                <MaximumValue>-1.0</MaximumValue>
                <Logarithmic>false</Logarithmic>
            </Chart>
            <Chart>
                <Name>Transaction Response Time</Name>
                <Autoscale>true</Autoscale>
                <MaximumValue>-1.0</MaximumValue>
                <Logarithmic>true</Logarithmic>
            </Chart>
            <Chart>
                <Name>Transactions Per Minute</Name>
                <Autoscale>true</Autoscale>
                <MaximumValue>-1.0</MaximumValue>
                <Logarithmic>false</Logarithmic>
            </Chart>
        </Charts>
        <AllowedErrorCodes/>
        <RefreshRate>1</RefreshRate>
        <OverviewCharts>
            <OverviewChart>
                <Name>Transactions Per Minute</Name>
                <MinimumValue>2.147483647E9</MinimumValue>
                <MaximumValue>2.147483647E9</MaximumValue>
                <Displayed>true</Displayed>
            </OverviewChart>
            <OverviewChart>
                <Name>Transactions Per Second</Name>
                <MinimumValue>2.147483647E9</MinimumValue>
                <MaximumValue>2.147483647E9</MaximumValue>
                <Displayed>true</Displayed>
            </OverviewChart>
            <OverviewChart>
                <Name>Response Time</Name>
                <MinimumValue>2.147483647E9</MinimumValue>
                <MaximumValue>2.147483647E9</MaximumValue>
                <Displayed>true</Displayed>
            </OverviewChart>
            <OverviewChart>
                <Name>CPU</Name>
                <MinimumValue>0.0</MinimumValue>
                <MaximumValue>100.0</MaximumValue>
                <Displayed>false</Displayed>
            </OverviewChart>
            <OverviewChart>
                <Name>Disk</Name>
                <MinimumValue>2.147483647E9</MinimumValue>
                <MaximumValue>2.147483647E9</MaximumValue>
                <Displayed>false</Displayed>
            </OverviewChart>
            <OverviewChart>
                <Name>Users</Name>
                <MinimumValue>2.147483647E9</MinimumValue>
                <MaximumValue>2.147483647E9</MaximumValue>
                <Displayed>false</Displayed>
            </OverviewChart>
            <OverviewChart>
                <Name>Database Time</Name>
                <MinimumValue>2.147483647E9</MinimumValue>
                <MaximumValue>2.147483647E9</MaximumValue>
                <Displayed>false</Displayed>
            </OverviewChart>
            <OverviewChart>
                <Name>DML</Name>
                <Displayed>true</Displayed>
            </OverviewChart>
        </OverviewCharts>
    </Preferences>
</SwingBenchConfiguration>
