<project name="CPU Monitor Launcher" default="cpumonitor" basedir=".">

    <property name="base.dir" value="${basedir}/.."/>

    <property name="etc.dir" value="${base.dir}/etc"/>
    <property name="lib.dir" value="${base.dir}/lib"/>
    <property name="log.dir" value="${base.dir}/log"/>

    <path id="base.class.path">
        <pathelement path="${etc.dir}"/>
        <fileset dir="${lib.dir}" includes="*.jar"/>
    </path>

    <target name="cpumonitor">
        <mkdir dir="${log.dir}" />
        <launch classname="com.dom.cpumonitor.CPUMonitorMain">
            <classpath refid="base.class.path"/>
            <syspropertyset>
                <sysproperty key="log.dir" file="${log.dir}"/>
            </syspropertyset>
        </launch>
    </target>
</project>
